<?xml version="1.0" encoding="UTF-8"?>
<!DOCTYPE hibernate-configuration PUBLIC
		"-//Hibernate/Hibernate Configuration DTD 3.0//EN"
		"http://hibernate.sourceforge.net/hibernate-configuration-3.0.dtd">
<hibernate-configuration>
    <session-factory>  
        <property name="hbm2ddl.auto">update</property>  
        <property name="dialect">org.hibernate.dialect.Oracle10gDialect</property>  
        <property name="connection.url">jdbc:oracle:thin:@vgdevst-scan.hhs.ma.local:1521/EONDEV.hhs.ma.local</property>  
        <property name="connection.username">EON_USER</property>  
        <property name="connection.password">EON_USERD</property>  
        <property name="connection.driver_class">oracle.jdbc.driver.OracleDriver</property>  
    <mapping resource="city.hbm.xml"/>  
    </session-factory>  
</hibernate-configuration>
