AA testing-Prashant,24088,24079,Government,Active,www.website.com,100 Hancock St,Quincy,2171,MA
TestEon,1323104,24079,Government,Active,www.website.com,100 Hancock St,edison,2171,MA
Child ABC Welfare Service Attorneys,,24079,Government,Active,www.website.com,100 Hancock St,Quincy,2171,MA
Child Welfare Service Foster Care Volunteers,23948,24079,Government,Active,www.website.com,100 Hancock St,norwood,2171,MA
Org abc secondary,,24079,Government,Active,www.website.com,100 Hancock St,Quincy,2171,MA
org secondary1,23949,24079,Government,Active,www.website.com,100 Hancock St,weymouth,2171,MA
