<?xml version="1.0" encoding="windows-1252" ?>
<!DOCTYPE ViewObject SYSTEM "jbo_03_01.dtd">
<!---->
<ViewObject
  xmlns="http://xmlns.oracle.com/bc4j"
  Name="EmployeeVO"
  Version="11.1.1.62.29"
  InheritPersonalization="true"
  BindingStyle="OracleName"
  CustomQuery="true"
  RowClass="model.com.vo.EmployeeVORowImpl"
  ComponentClass="model.com.vo.EmployeeVOImpl"
  PageIterMode="Full"
  UseGlueCode="false">
  <DesignTime>
    <Attr Name="_codeGenFlag2" Value="Access|Coll|VarAccess"/>
    <Attr Name="_isExpertMode" Value="true"/>
    <Attr Name="_isCodegen" Value="true"/>
  </DesignTime>
  <Properties>
    <SchemaBasedProperties>
      <LABEL
        ResId="model.com.vo.EmployeeVO_LABEL"/>
    </SchemaBasedProperties>
  </Properties>
  <Variable
    Name="empBindVar"
    Kind="viewcriteria"
    Type="java.lang.String"/>
  <SQLQuery>
    <![CDATA[SELECT 
 *
FROM 
    EMPLOYEES]]>
  </SQLQuery>
  <ViewAttribute
    Name="EmployeeId"
    IsUpdateable="false"
    IsPersistent="false"
    IsNotNull="true"
    PrecisionRule="true"
    Precision="6"
    Scale="0"
    Type="oracle.jbo.domain.Number"
    ColumnType="NUMBER"
    AliasName="EMPLOYEE_ID"
    Expression="EMPLOYEE_ID"
    SQLType="NUMERIC">
    <DesignTime>
      <Attr Name="_DisplaySize" Value="7"/>
    </DesignTime>
  </ViewAttribute>
  <ViewAttribute
    Name="FirstName"
    IsUpdateable="false"
    IsPersistent="false"
    PrecisionRule="true"
    Precision="20"
    Type="java.lang.String"
    ColumnType="VARCHAR2"
    AliasName="FIRST_NAME"
    Expression="FIRST_NAME"
    SQLType="VARCHAR">
    <DesignTime>
      <Attr Name="_DisplaySize" Value="20"/>
    </DesignTime>
  </ViewAttribute>
  <ViewAttribute
    Name="LastName"
    IsUpdateable="false"
    IsPersistent="false"
    IsNotNull="true"
    PrecisionRule="true"
    Precision="25"
    Type="java.lang.String"
    ColumnType="VARCHAR2"
    AliasName="LAST_NAME"
    Expression="LAST_NAME"
    SQLType="VARCHAR">
    <DesignTime>
      <Attr Name="_DisplaySize" Value="25"/>
    </DesignTime>
  </ViewAttribute>
  <ViewAttribute
    Name="Email"
    IsUpdateable="false"
    IsPersistent="false"
    IsNotNull="true"
    PrecisionRule="true"
    Precision="25"
    Type="java.lang.String"
    ColumnType="VARCHAR2"
    AliasName="EMAIL"
    Expression="EMAIL"
    SQLType="VARCHAR">
    <DesignTime>
      <Attr Name="_DisplaySize" Value="25"/>
    </DesignTime>
  </ViewAttribute>
  <ViewAttribute
    Name="PhoneNumber"
    IsUpdateable="false"
    IsPersistent="false"
    PrecisionRule="true"
    Precision="20"
    Type="java.lang.String"
    ColumnType="VARCHAR2"
    AliasName="PHONE_NUMBER"
    Expression="PHONE_NUMBER"
    SQLType="VARCHAR">
    <DesignTime>
      <Attr Name="_DisplaySize" Value="20"/>
    </DesignTime>
  </ViewAttribute>
  <ViewAttribute
    Name="HireDate"
    IsUpdateable="false"
    IsPersistent="false"
    IsNotNull="true"
    PrecisionRule="true"
    Type="oracle.jbo.domain.Date"
    ColumnType="DATE"
    AliasName="HIRE_DATE"
    Expression="HIRE_DATE"
    SQLType="TIMESTAMP">
    <DesignTime>
      <Attr Name="_DisplaySize" Value="7"/>
    </DesignTime>
  </ViewAttribute>
  <ViewAttribute
    Name="JobId"
    IsUpdateable="false"
    IsPersistent="false"
    IsNotNull="true"
    PrecisionRule="true"
    Precision="10"
    Type="java.lang.String"
    ColumnType="VARCHAR2"
    AliasName="JOB_ID"
    Expression="JOB_ID"
    SQLType="VARCHAR">
    <DesignTime>
      <Attr Name="_DisplaySize" Value="10"/>
    </DesignTime>
  </ViewAttribute>
  <ViewAttribute
    Name="Salary"
    IsUpdateable="false"
    IsPersistent="false"
    PrecisionRule="true"
    Precision="8"
    Scale="2"
    Type="oracle.jbo.domain.Number"
    ColumnType="NUMBER"
    AliasName="SALARY"
    Expression="SALARY"
    SQLType="NUMERIC">
    <DesignTime>
      <Attr Name="_DisplaySize" Value="10"/>
    </DesignTime>
  </ViewAttribute>
  <ViewAttribute
    Name="CommissionPct"
    IsUpdateable="false"
    IsPersistent="false"
    PrecisionRule="true"
    Precision="2"
    Scale="2"
    Type="oracle.jbo.domain.Number"
    ColumnType="NUMBER"
    AliasName="COMMISSION_PCT"
    Expression="COMMISSION_PCT"
    SQLType="NUMERIC">
    <DesignTime>
      <Attr Name="_DisplaySize" Value="4"/>
    </DesignTime>
  </ViewAttribute>
  <ViewAttribute
    Name="ManagerId"
    IsUpdateable="false"
    IsPersistent="false"
    PrecisionRule="true"
    Precision="6"
    Scale="0"
    Type="oracle.jbo.domain.Number"
    ColumnType="NUMBER"
    AliasName="MANAGER_ID"
    Expression="MANAGER_ID"
    SQLType="NUMERIC">
    <DesignTime>
      <Attr Name="_DisplaySize" Value="7"/>
    </DesignTime>
  </ViewAttribute>
  <ViewAttribute
    Name="DepartmentId"
    IsUpdateable="false"
    IsPersistent="false"
    PrecisionRule="true"
    Precision="4"
    Scale="0"
    Type="oracle.jbo.domain.Number"
    ColumnType="NUMBER"
    AliasName="DEPARTMENT_ID"
    Expression="DEPARTMENT_ID"
    SQLType="NUMERIC">
    <DesignTime>
      <Attr Name="_DisplaySize" Value="5"/>
    </DesignTime>
  </ViewAttribute>
  <ViewCriteria
    Name="EmployeeFilterCriteria"
    ViewObjectName="model.com.vo.EmployeeVO"
    Conjunction="AND">
    <Properties>
      <CustomProperties>
        <Property
          Name="displayOperators"
          Value="InAdvancedMode"/>
        <Property
          Name="autoExecute"
          Value="false"/>
        <Property
          Name="allowConjunctionOverride"
          Value="true"/>
        <Property
          Name="showInList"
          Value="true"/>
        <Property
          Name="mode"
          Value="Basic"/>
      </CustomProperties>
    </Properties>
    <ViewCriteriaRow
      Name="vcrow0"
      UpperColumns="1">
      <ViewCriteriaItem
        Name="FirstName"
        ViewAttribute="FirstName"
        Operator="STARTSWITH"
        Conjunction="AND"
        Value=":empBindVar"
        IsBindVarValue="true"
        Required="Optional"/>
    </ViewCriteriaRow>
  </ViewCriteria>
  <ResourceBundle>
    <PropertiesBundle
      PropertiesFile="model.ModelBundle"/>
  </ResourceBundle>
</ViewObject>
