<beans xmlns="http://www.springframework.org/schema/beans"
	xmlns:batch="http://www.springframework.org/schema/batch" xmlns:xsi="http://www.w3.org/2001/XMLSchema-instance"
	xsi:schemaLocation="http://www.springframework.org/schema/batch
		http://www.springframework.org/schema/batch/spring-batch-2.2.xsd
		http://www.springframework.org/schema/beans 
		http://www.springframework.org/schema/beans/spring-beans-3.2.xsd
	">

	<import resource="../config/context.xml" />
	<import resource="../config/database.xml" />


	<bean id="organization" class="state.ma.us.OMSBulk.vo.OrganizationVO"
		scope="prototype" />
	<bean id="orgItemProcessor" class="state.ma.us.OMSBulk.processor.OrgItemProcessor" />
	<bean id="customStepListener" class="state.ma.us.OMSBulk.listener.CustomStepListener" />
	
    <bean id="customItemReaderListener" 
          class="state.ma.us.OMSBulk.listener.CustomItemReaderListener" />
    <bean id="customItemWriterListener" 
          class="state.ma.us.OMSBulk.listener.CustomItemWriterListener" />

	<batch:job id="OMSBulkOrgJob">
	<batch:step id="step1">
		<batch:tasklet>
			<batch:chunk reader="cvsFileItemReader" writer="customWriter"
				processor="orgItemProcessor" commit-interval="10">
				<batch:listeners>
					<batch:listener ref="customStepListener" />
					<batch:listener ref="customItemReaderListener" />
					<batch:listener ref="customItemWriterListener" />
				</batch:listeners>
			</batch:chunk>
		</batch:tasklet>
		</batch:step>
	</batch:job>
	

	<bean id="cvsFileItemReader" class="org.springframework.batch.item.file.FlatFileItemReader">

		<property name="resource" value="classpath:csv/input/organization.csv" />


		<property name="lineMapper">
			<bean class="org.springframework.batch.item.file.mapping.DefaultLineMapper">
				<property name="lineTokenizer">
					<bean
						class="org.springframework.batch.item.file.transform.DelimitedLineTokenizer">
						<property name="names" value="legalName,vgOrgId,parentVGOrgId,orgType,orgStatus,orgURL,addline1,city,zip,state" />
					</bean>
				</property>
				<property name="fieldSetMapper"> 
					<bean class="state.ma.us.OMSBulk.mapper.OrganizationMapper">
						<property name="jdbcTemplate" ref="jdbcTemplate">
						</property>
					</bean>
				</property>
			</bean>
		</property>
	</bean>

	<bean id="customWriter" class="state.ma.us.OMSBulk.writer.CustomOrgWriter"
		scope="step">
		<property name="jdbcTemplate" ref="jdbcTemplate"></property>
	</bean>

	<bean id="jdbcTemplate" class="org.springframework.jdbc.core.JdbcTemplate">
		<property name="dataSource" ref="dataSource"></property>
	</bean>

</beans>